variance;skewness;curtosis;entropy;class
36.216;86.661;-28.073;-0.44699;0
45.459;81.674;-24.586;-14.621;0
3.866;-26.383;19.242;0.10645;0
34.566;95.228;-40.112;-35.944;0
0.32924;-44.552;45.718;-0.9888;0
43.684;96.718;-39.606;-31.625;0
35.912;30.129;0.72888;0.56421;0
20.922;-6.81;84.636;-0.60216;0
32.032;57.588;-0.75345;-0.61251;0
15.356;91.772;-22.718;-0.73535;0
12.247;87.779;-22.135;-0.80647;0
39.899;-27.066;23.946;0.86291;0
18.993;76.625;0.15394;-31.108;0
-15.768;10.843;25.462;-29.362;0
3.404;87.261;-29.915;-0.57242;0
46.765;-33.895;34.896;14.771;0
26.719;30.646;0.37158;0.58619;0
0.80355;28.473;43.439;0.6017;0
14.479;-48.794;83.428;-21.086;0
52.423;110.272;-4.353;-41.013;0
57.867;78.902;-26.196;-0.48708;0
0.3292;-44.552;45.718;-0.9888;0
39.362;101.622;-38.235;-40.172;0
0.93584;88.855;-16.831;-16.599;0
44.338;9.887;-46.795;-37.483;0
0.7057;-54.981;83.368;-28.715;0
11.432;-37.413;55.777;-0.63578;0
-0.38214;83.909;21.624;-37.405;0
65.633;98.187;-44.113;-32.258;0
48.906;-33.584;34.202;10.905;0
-0.24811;-0.17797;49.068;0.15429;0
14.884;36.274;3.308;0.48921;0
42.969;7.617;-23.874;-0.96164;0
-0.96511;94.111;17.305;-48.629;0
-16.162;0.80908;81.628;0.60817;0
24.391;64.417;-0.80743;-0.69139;0
26.881;60.195;-0.46641;-0.69268;0
36.289;0.81322;16.277;0.77627;0
45.679;31.929;-21.055;0.29653;0
34.805;97.008;-37.541;-34.379;0
41.711;8.722;-30.224;-0.59699;0
-0.2062;92.207;-37.044;-68.103;0
-0.0068919;92.931;-0.41243;-19.638;0
0.96441;58.395;23.235;0.066365;0
28.561;69.176;-0.79372;0.48403;0
-0.7869;95.663;-37.867;-75.034;0
20.843;66.258;0.48382;-22.134;0
-0.7869;95.663;-37.867;-75.034;0
39.102;6.065;-24.534;-0.68234;0
16.349;3.286;28.753;0.087054;0
43.239;-48.835;34.356;-0.5776;0
5.262;39.834;-15.572;10.103;0
31.452;5.825;-0.51439;-14.944;0
2.549;61.499;-11.605;-12.371;0
49.264;5.496;-24.774;-0.50648;0
48.265;0.80287;16.371;11.875;0
25.635;67.769;-0.61979;0.38576;0
5.807;50.097;-22.384;0.43878;0
31.377;-41.096;45.701;0.98963;0
-0.78289;113.603;-0.37644;-70.495;0
2.888;0.44696;45.907;-0.24398;0
0.49665;5.527;17.785;-0.47156;0
42.586;112.962;-40.943;-43.457;0
17.939;-11.174;15.454;-0.26079;0
54.021;31.039;-11.536;15.651;0
25.367;2.599;20.938;0.20085;0
46.054;-40.765;27.587;0.31981;0
24.235;95.332;-30.789;-27.746;0
10.009;77.846;-0.28219;-26.608;0
0.12326;89.848;-0.9351;-24.332;0
39.529;-23.548;23.792;0.48274;0
41.373;0.49248;1.093;18.276;0
47.181;100.153;-39.486;-38.582;0
41.654;-34.495;3.643;10.879;0
44.069;109.072;-45.775;-44.271;0
23.066;35.364;0.57551;0.41938;0
37.935;79.853;-25.477;-1.872;0
0.049175;61.437;17.828;-0.72113;0
0.24835;76.439;0.9885;-0.87371;0
11.317;39.647;33.979;0.84351;0
28.033;90.862;-33.668;-10.224;0
44.682;22.907;0.95766;0.83058;0
50.185;85.978;-29.375;-1.281;0
18.664;77.763;-0.23849;-29.634;0
3.245;Haz.63;-0.63435;0.86937;0
40.296;26.756;0.80685;0.71679;0
-11.313;19.037;75.339;1.022;0
0.87603;68.141;0.84198;-0.17156;0
41.197;-27.956;20.707;0.67412;0
38.027;0.81529;21.041;10.245;0
14.806;76.377;-27.876;-10.341;0
40.632;3.584;0.72545;0.39481;0
43.064;82.068;-27.824;-14.336;0
24.486;-63.175;79.632;0.20602;0
32.718;17.837;21.161;0.61334;0
-0.64472;-46.062;8.347;-27.099;0
29.543;1.076;0.64577;0.89394;0
21.616;-68.804;81.517;-0.081048;0
Mar.82;109.279;-40.112;-50.284;0
-27.419;114.038;25.394;-55.793;0
33.669;-51.856;36.935;-11.427;0
45.597;-24.211;26.413;16.168;0
51.129;-0.49871;0.62863;11.189;0
33.397;-46.145;39.823;-0.23751;0
42.027;0.22761;0.96108;0.97282;0
35.438;12.395;1.997;21.547;0
23.136;106.651;-35.288;-47.672;0
-18.584;7.886;-16.643;-18.384;0
3.106;95.414;-42.536;-4.003;0
29.163;108.306;-33.437;-4.122;0
39.922;-44.676;37.304;-0.1095;0
1.518;56.946;0.094818;-0.026738;0
32.351;9.647;-32.074;-25.948;0
42.188;68.162;-12.804;0.76076;0
17.819;69.176;-12.744;-15.759;0
25.331;29.135;-0.822;-0.12243;0
38.969;74.163;-18.245;0.14007;0
2.108;67.955;-0.1708;0.4905;0
28.969;0.70768;�ub.29;18.663;0
0.9297;-37.971;46.429;-0.2957;0
34.642;106.878;-34.071;-4.109;0
40.713;104.023;-41.722;-47.582;0
-14.572;91.214;17.425;-51.241;0
-15.075;19.224;71.466;0.89136;0
-0.91718;99.884;11.804;-52.263;0
2.994;72.011;-12.153;0.3211;0
-2.343;129.516;33.285;-59.426;0
37.818;-28.846;22.558;-0.15734;0
46.689;13.098;0.055404;1.909;0
34.663;11.112;17.425;13.388;0
32.697;-43.414;36.884;-0.29829;0
51.302;86.703;-28.913;-15.086;0
20.139;61.416;0.37929;0.56938;0
0.4339;55.395;2.033;-0.40432;0
-10.401;93.987;0.85998;-53.336;0
41.605;112.196;-36.136;-40.819;0
5.438;94.669;-49.417;-39.202;0
5.032;82.026;-26.256;-10.341;0
52.418;105.388;-41.174;-42.797;0
-0.2062;92.207;-37.044;-68.103;0
20.911;0.94358;45.512;1.234;0
17.317;-0.34765;41.905;-0.99138;0
41.736;33.336;-14.244;0.60429;0
39.232;-32.467;34.579;0.83705;0
38.481;101.539;-38.561;-42.228;0
0.5195;-32.633;30.895;-0.9849;0
38.584;0.78425;11.033;17.008;0
17.496;-0.1759;51.827;12.922;0
36.277;0.9829;0.68861;0.63403;0
27.391;74.018;0.071684;-25.302;0
45.447;82.274;-24.166;-15.875;0
-17.599;119.211;26.756;-33.241;0
50.691;0.21313;0.20278;12.095;0
34.591;11.112;-42.039;-50.931;0
19.358;81.654;-0.023425;-22.586;0
2.486;-0.99533;53.404;-0.15475;0
24.226;-45.752;5.947;0.21507;0
39.479;-37.723;2.883;0.019813;0
22.634;-44.862;36.558;-0.61251;0
13.566;42.358;21.341;0.3211;0
50.452;38.964;-14.304;0.86291;0
35.499;86.165;-32.794;-12.009;0
0.17346;78.695;0.26876;-37.883;0
24.008;93.593;-33.565;-33.526;0
48.851;15.995;-0.00029081;16.401;0
41.927;-32.674;25.839;0.21766;0
11.166;86.496;-0.96252;-18.112;0
10.235;6.901;-20.062;-27.125;0
-1.803;118.818;20.458;-52.728;0
0.11739;62.761;-15.495;-24.746;0
0.5706;-0.0248;12.421;-0.5621;0
40.552;-24.583;22.806;10.323;0
-16.952;10.657;88.294;0.94955;0
-11.193;107.271;20.938;-56.504;0
18.799;24.707;24.931;0.37671;0
3.583;-37.971;34.391;-0.12501;0
0.19081;91.297;-3.725;-58.224;0
36.582;56.864;-17.157;-0.23751;0
-0.13144;-17.775;83.316;0.35214;0
23.925;9.798;-30.361;-28.224;0
16.426;30.149;0.22849;-0.147;0
-0.11783;-15.789;8.Mar;-0.028031;0
-0.69572;86.165;18.419;-43.289;0
29.421;74.101;-0.97709;-0.88406;0
-17.559;119.459;30.946;-48.978;0
-12.537;108.803;1.931;-43.237;0
32.585;-44.614;38.024;-0.15087;0
18.314;63.672;-0.036278;0.049554;0
45.645;-36.275;28.684;0.27714;0
27.365;-50.325;66.608;-0.57889;0
0.9297;-37.971;46.429;-0.2957;0
39.663;101.684;-41.131;-46.056;0
14.578;-0.08485;41.785;0.59136;0
48.272;30.687;0.68604;0.80731;0
-2.341;123.784;0.70403;-75.836;0
-18.584;7.886;-16.643;-18.384;0
41.454;7.257;-19.153;-0.86078;0
19.157;60.816;0.23705;-20.116;0
40.215;-21.914;24.648;11.409;0
58.862;58.747;-28.167;-0.30087;0
-20.897;108.265;23.603;-34.198;0
40.026;-35.943;35.573;0.26809;0
-0.78689;95.663;-37.867;-75.034;0
41.757;102.615;-38.552;-43.056;0
0.83292;75.404;0.65005;-0.92544;0
48.077;22.327;-0.26334;15.534;0
53.063;52.684;-28.904;-0.52716;0
25.605;92.683;-35.913;-1.356;0
21.059;76.046;-0.47755;-18.461;0
21.721;-0.73874;54.672;-0.72371;0
42.899;91.814;-46.067;-43.263;0
35.156;101.891;-42.759;-4.978;0
2.614;80.081;-37.258;-13.069;0
0.68087;23.259;49.085;0.54998;0
41.962;0.74493;0.83256;0.753;0
60.919;29.673;-13.267;14.551;0
13.234;32.964;0.2362;-0.11984;0
13.264;10.326;56.566;-0.41337;0
-0.16735;76.274;12.061;-36.241;0
-1.3;102.678;-2.953;-58.638;0
-22.261;125.398;29.438;-35.258;0
24.196;64.665;-0.75688;0.228;0
10.987;0.6394;5.989;-0.58277;0
46.464;105.326;-45.852;-4.206;0
-0.36038;41.158;31.143;-0.37199;0
13.562;32.136;43.465;0.78662;0
0.5706;-0.0248;12.421;-0.5621;0
-26.479;101.374;-1.331;-54.707;0
31.219;-3.137;19.259;-0.37458;0
54.944;15.478;0.041694;19.284;0
-13.389;1.552;70.806;1.031;0
-23.361;119.604;30.835;-54.435;0
22.596;-0.033118;47.355;-0.2776;0
0.46901;-0.63321;73.848;0.36507;0
27.296;28.701;0.51124;0.5099;0
20.466;2.Mar;21.761;-0.083634;0
-13.274;9.498;24.408;-52.689;0
38.905;-21.521;26.302;11.047;0
39.994;0.90427;11.693;16.892;0
23.952;95.083;-31.783;-30.086;0
32.704;69.321;-10.456;0.23447;0
-13.931;15.664;75.382;0.78403;0
16.406;35.488;13.964;-0.36424;0
27.744;68.576;-10.671;0.075416;0
24.287;93.821;-32.477;-14.543;0
42.134;-2.806;20.116;0.67412;0
16.472;0.48213;47.449;1.225;0
20.597;-0.99326;52.119;-0.29312;0
0.3798;0.7098;0.7572;-0.4444;0
10.135;84.551;-1.672;-20.815;0
45.691;-44.552;31.769;0.0042961;0
0.57461;101.105;-16.917;-43.922;0
0.5734;91.938;-0.9094;-1.872;0
52.868;3.257;-13.721;11.668;0
40.102;106.568;-41.388;-50.646;0
41.425;-36.792;38.281;16.297;0
30.934;-29.177;22.232;0.22283;0
22.034;59.947;0.53009;0.84998;0
3.744;0.79459;0.95851;10.077;0
30.329;22.948;21.135;0.35084;0
37.731;72.073;-16.814;-0.94742;0
31.557;28.908;0.59693;0.79825;0
18.114;76.067;-0.9788;-24.668;0
4.988;72.052;-32.846;-11.608;0
2.483;66.155;-0.79287;-0.90863;0
1.594;47.055;13.758;0.081882;0
-0.016103;97.484;0.15394;-16.134;0
38.496;97.939;-41.508;-44.582;0
0.9297;-37.971;46.429;-0.2957;0
49.342;24.107;-0.17594;16.245;0
38.417;100.215;-42.699;-49.159;0
53.915;99.946;-38.081;-33.642;0
44.072;-0.070365;20.416;11.319;0
26.946;67.976;-0.40301;0.44912;0
52.756;0.13863;0.12138;11.435;0
34.312;62.637;-19.513;-0.36165;0
4.052;-0.16555;0.45383;0.51248;0
13.638;-47.759;84.182;-18.836;0
0.89566;77.763;-27.473;-19.353;0
19.265;77.557;-0.16823;-30.771;0
0.20977;-0.46146;77.267;0.90946;0
4.068;-29.363;21.992;0.50084;0
2.877;-40.599;36.259;-0.32544;0
0.3223;-0.89808;80.883;0.69222;0
-1.3;102.678;-2.953;-58.638;0
17.747;-64.334;A�u.15;-0.89828;0
13.419;-44.221;8.Eyl;-17.349;0
0.89606;105.471;-14.175;-40.327;0
0.44125;29.487;43.225;0.7155;0
32.422;62.265;0.12224;-14.466;0
25.678;35.136;0.61406;-0.40691;0
-22.153;119.625;0.078538;-77.853;0
41.349;61.189;-24.294;-0.19613;0
1.934;-9,28E-02;4.816;-0.33967;0
25.068;11.588;39.249;0.12585;0
21.464;60.795;-0.5778;-22.302;0
0.051979;70.521;-20.541;-31.508;0
12.706;8.035;-0.19651;-21.888;0
1.143;0.83391;54.552;-0.56984;0
22.928;90.386;-32.417;-12.991;0
0.3292;-44.552;45.718;-0.9888;0
29.719;68.369;-0.2702;0.71291;0
16.849;87.489;-12.641;-13.858;0
-19.177;116.894;25.454;-32.763;0
23.729;104.726;-30.087;-32.013;0
10.284;9.767;-13.687;-17.853;0
0.27451;92.186;-32.863;-48.448;0
16.032;-47.863;85.193;-21.203;0
4.616;101.788;-42.185;-44.245;0
42.478;76.956;-27.696;-10.767;0
40.215;-27.004;24.957;0.36636;0
50.297;-49.704;35.025;-0.23751;0
15.902;22.948;32.403;0.18404;0
21.274;51.939;-17.971;-11.763;0
11.811;83.847;-20.567;-0.90345;0
0.3292;-44.552;45.718;-0.9888;0
57.353;52.808;-22.598;0.075416;0
26.718;56.574;0.72974;-14.892;0
15.799;-47.076;79.186;-15.487;0
29.499;22.493;13.458;-0.037083;0
0.5195;-32.633;30.895;-0.9849;0
37.352;95.911;-39.032;-33.487;0
-17.344;20.175;77.618;0.93532;0
3.884;100.277;-39.298;-40.819;0
35.257;12.829;19.276;17.991;0
44.549;24.976;10.313;0.96894;0
-0.16108;-64.624;83.573;-15.216;0
42.164;94.607;-49.288;-52.366;0
35.152;68.224;-0.67377;-0.46898;0
16.988;29.094;29.044;0.11033;0
10.607;24.542;25.188;-0.17027;0
20.421;12.436;42.171;0.90429;0
35.594;13.078;1.291;16.556;0
30.009;58.126;-22.306;-0.66553;0
39.294;14.112;18.076;0.89782;0
34.667;-40.724;42.882;15.418;0
3.966;39.213;0.70574;0.33662;0
10.191;�ub.33;49.334;0.82929;0
0.96414;5.616;22.138;-0.12501;0
18.205;67.562;0.0099913;0.39481;0
49.923;78.653;-23.515;-0.71984;0
-11.804;115.093;0.15565;-68.194;0
40.329;0.23175;0.89082;11.823;0
0.66018;103.878;-14.029;-39.151;0
35.982;71.307;-13.035;0.21248;0
-18.584;7.886;-16.643;-18.384;0
40.972;0.46972;16.671;0.91593;0
33.299;0.91254;15.806;0.39352;0
31.088;31.122;0.80857;0.4336;0
-42.859;85.234;31.392;-0.91639;0
-12.528;102.036;21.787;-56.038;0
0.5195;-32.633;30.895;-0.9849;0
0.3292;-44.552;45.718;-0.9888;0
0.88872;53.449;2.045;-0.19355;0
35.458;93.718;-40.351;-39.564;0
-0.21661;80.329;18.848;-38.853;0
27.206;90.821;-33.111;-0.96811;0
32.051;86.889;-29.033;-0.7819;0
26.917;108.161;-3.3;-42.888;0
-23.242;115.176;18.231;-5.375;0
27.161;-42.006;41.914;0.16981;0
33.848;32.674;0.90967;0.25128;0
17.452;48.028;20.878;0.62627;0
2.805;0.57732;13.424;12.133;0
57.823;55.788;-24.089;-0.056479;0
38.999;1.734;16.011;0.96765;0
35.189;6.332;-17.791;-0.020273;0
32.294;77.391;-0.37816;-25.405;0
34.985;31.639;0.22677;-0.1651;0
21.948;13.781;11.582;0.85774;0
22.526;99.636;-31.749;-29.944;0
41.529;-39.358;28.633;-0.017686;0
0.74307;Kas.17;-13.824;-40.728;0
19.105;8.871;-23.386;-0.75604;0
-15.055;0.070346;68.681;-0.50648;0
0.58836;107.727;-13.884;-43.276;0
32.303;78.384;-35.348;-12.151;0
-19.922;116.542;26.542;-52.107;0
28.523;90.096;-3.761;-33.371;0
42.772;24.955;0.48554;0.36119;0
15.099;0.039307;62.332;-0.30346;0
54.188;101.457;-4.084;-36.991;0
0.86202;26.963;42.908;0.54739;0
38.117;101.457;-40.463;-45.629;0
0.54777;103.754;-15.435;-41.633;0
23.718;74.908;0.015989;-17.414;0
-24.953;111.472;19.353;-34.638;0
46.361;-26.611;28.358;11.991;0
-22.527;115.321;25.899;-32.737;0
37.982;10.423;-41.602;-49.728;0
-0.36279;82.895;-19.213;-33.332;0
21.265;68.783;0.44784;-22.224;0
0.86736;55.643;16.765;-0.16769;0
37.831;100.526;-38.869;-37.366;0
-22.623;121.177;0.28846;-77.581;0
12.616;44.303;-13.335;-17.517;0
26.799;31.349;0.34073;0.58489;0
-0.39816;59.781;13.912;-11.621;0
43.937;0.35798;20.416;12.004;0
29.695;56.222;0.27561;-11.556;0
13.049;-0.15521;64.911;-0.75346;0
22.123;-58.395;77.687;-0.85302;0
19.647;69.383;0.57722;0.66377;0
30.864;-25.845;22.309;0.30947;0
0.3798;0.7098;0.7572;-0.4444;0
0.58982;74.266;12.353;-29.595;0
0.14783;7.946;10.742;-33.409;0
-0.062025;61.975;1.099;-1.131;0
4.223;11.319;0.72202;0.96118;0
0.64295;71.018;0.3493;-0.41337;0
1.941;0.46351;46.472;10.879;0
40.047;0.45937;13.621;16.181;0
37.767;97.794;-39.075;-35.323;0
34.769;-0.15314;�ub.53;24.495;0
19.818;92.621;-3.521;-1.872;0
38.023;-38.696;4.044;0.95343;0
43.483;111.079;-40.857;-42.539;0
11.518;13.864;52.727;-0.43536;0
-12.576;15.892;70.078;0.42455;0
19.572;-51.153;86.127;-14.297;0
-2.484;121.611;28.204;-37.418;0
-11.497;12.954;7.701;0.62627;0
48.368;100.132;-43.239;-43.276;0
-0.12196;88.068;0.94566;-42.267;0
19.429;63.961;0.092248;0.58102;0
1.742;-4.809;82.142;-20.659;0
-15.222;108.409;27.827;-40.974;0
-1.3;102.678;-2.953;-58.638;0
34.246;-0.14693;0.80342;0.29136;0
25.503;-49.518;63.729;-0.41596;0
15.691;63.465;-0.1828;-24.099;0
13.087;49.228;20.013;0.22024;0
51.776;82.316;-32.511;-15.694;0
2.229;96.325;-31.123;-27.164;0
56.272;100.857;-42.931;-38.142;0
12.138;87.986;-21.672;-0.74182;0
0.3798;0.7098;0.7572;-0.4444;0
0.5415;60.319;16.825;-0.46122;0
40.524;56.802;-19.693;0.026279;0
47.285;21.065;-0.28305;15.625;0
34.359;0.66216;21.041;18.922;0
0.86816;102.429;-14.912;-40.082;0
3.359;98.022;-38.209;-37.133;0
36.702;29.942;0.85141;0.30688;0
13.349;61.189;0.46497;0.49826;0
31.887;-34.143;27.742;-0.2026;0
24.527;29.653;0.20021;-0.056479;0
39.121;29.735;0.92852;0.60558;0
39.364;105.885;-3.725;-43.133;0
39.414;-32.902;31.674;10.866;0
36.922;-39.585;43.439;13.517;0
5.681;7.795;-26.848;-0.92544;0
0.77124;90.862;-12.281;-14.996;0
35.761;97.753;-39.795;-34.638;0
1.602;61.251;0.52924;0.47886;0
26.682;10.216;-34.414;-40.069;0
20.007;18.644;26.491;0.47369;0
0.64215;31.287;42.933;0.64696;0
43.848;-30.729;30.423;12.741;0
0.77445;90.552;-24.089;-13.884;0
0.96574;8.393;-1.361;-14.659;0
30.948;87.324;-29.007;-0.96682;0
49.362;76.046;-23.429;-0.85302;0
-19.458;112.217;19.079;-34.405;0
57.403;-0.44284;0.38015;13.763;0
-26.989;121.984;0.67661;-85.482;0
11.472;35.985;19.387;-0.43406;0
29.742;A�u.96;-29.024;-10.379;0
45.707;72.094;-32.794;-14.944;0
0.1848;65.079;20.133;-0.87242;0
0.87256;92.931;-0.7843;-21.978;0
0.39559;68.866;10.588;-0.67587;0
38.384;61.851;-20.439;-0.033204;0
28.209;73.108;-0.81857;-18.784;0
25.817;97.546;-31.749;-29.957;0
38.213;0.23175;20.133;20.564;0
0.3798;0.7098;0.7572;-0.4444;0
34.893;Haz.69;-12.042;-0.38751;0
-17.781;0.8546;71.303;0.027572;0
20.962;24.769;19.379;-0.040962;0
0.94732;-0.57113;71.903;-0.67587;0
28.261;94.007;-33.034;-10.509;0
0.0071249;83.661;0.50781;-38.155;0
0.96788;71.907;12.798;-24.565;0
47.432;21.086;0.1368;16.543;0
36.575;72.797;-22.692;-1.144;0
38.832;64.023;-2.432;-0.98363;0
34.776;8.811;-31.886;-0.92285;0
11.315;79.212;1.093;-28.444;0
28.237;28.597;0.19678;0.57196;0
19.321;60.423;0.26019;-2.053;0
30.632;-33.315;51.305;0.8267;0
-18.411;108.306;2.769;-30.901;0
28.084;113.045;-33.394;-44.194;0
25.698;-44.076;59.856;0.078002;0
-0.12624;103.216;-37.121;-61.185;0
33.756;-40.951;4.367;10.698;0
-0.048008;-16.037;84.756;0.75558;0
0.5706;-0.0248;12.421;-0.5621;0
0.88444;65.906;0.55837;-0.44182;0
38.644;37.061;0.70403;0.35214;0
12.999;25.762;20.107;-0.18967;0
20.051;-68.638;8.132;-0.2401;0
49.294;0.27727;0.20792;0.33662;0
28.297;63.485;-0.73546;-0.58665;0
2.565;8.633;-29.941;-13.082;0
2.093;83.061;0.022844;-32.724;0
46.014;56.264;-21.235;0.19309;0
50.617;-0.35799;0.44698;0.99868;0
-0.2951;90.489;-0.52725;-20.789;0
3.577;24.004;18.908;0.73231;0
39.433;25.017;15.215;0.903;0
26.648;10.754;-33.994;-41.685;0
59.374;61.664;-25.905;-0.36553;0
20.153;18.479;31.375;0.42843;0
58.782;59.409;-28.544;-0.60863;0
-23.983;12.606;29.464;-57.888;0
1.762;43.682;21.384;0.75429;0
42.406;-24.852;1.608;0.7155;0
34.669;Haz.87;-10.568;-0.73147;0
31.896;57.526;-0.18537;-0.30087;0
0.81356;91.566;-21.492;-41.814;0
0.52855;0.96427;40.243;-10.483;0
21.319;-20.403;25.574;-0.061652;0
0.33111;45.731;2.057;-0.18967;0
12.746;88.172;-15.323;-17.957;0
22.091;74.556;-13.284;-33.021;0
25.328;7.528;-0.41929;-26.478;0
36.244;14.609;13.501;19.284;0
-13.885;125.026;0.69118;-75.487;0
57.227;58.312;-24.097;-0.24527;0
33.583;103.567;-37.301;-36.991;0
25.227;22.369;27.236;0.79438;0
0.045304;67.334;10.708;-0.9332;0
48.278;77.598;-24.491;-12.216;0
19.476;-47.738;8.527;-18.668;0
27.659;0.66216;41.494;-0.28406;0
-0.10648;-0.76771;77.575;0.64179;0
0.72252;-0.053811;56.703;-13.509;0
42.475;14.816;-0.48355;0.95343;0
39.772;0.33521;22.566;21.625;0
36.667;4.302;0.55923;0.33791;0
28.232;108.513;-31.466;-39.784;0
-14.217;116.542;-0.057699;-71.025;0
42.458;11.981;0.66633;0.94696;0
41.038;-48.069;33.491;-0.49225;0
14.507;87.903;-22.324;-0.65259;0
34.647;-39.172;39.746;0.36119;0
18.533;61.458;10.176;-20.401;0
35.288;0.71596;19.507;19.375;0
39.719;10.367;0.75973;10.013;0
3.534;93.614;-36.316;-12.461;0
36.894;9.887;-40.788;-43.664;0
30.672;-44.117;38.238;-0.81682;0
26.463;-48.152;63.549;0.003003;0
22.893;3.733;0.6312;-0.39786;0
15.673;79.274;-0.056842;-21.694;0
40.405;0.51524;10.279;1.106;0
43.846;-48.794;33.662;-0.029324;0
20.165;-0.25246;51.707;10.763;0
40.446;111.741;-43.582;-47.401;0
-0.33729;-0.64976;76.659;0.72326;0
-24.604;127.302;0.91738;-76.418;0
41.195;109.258;-38.929;-41.802;0
20.193;0.82356;46.369;14.202;0
15.701;79.129;0.29018;-21.953;0
26.415;7.586;-0.28562;-16.677;0
50.214;80.764;-30.515;-17.155;0
43.435;33.295;0.83598;0.64955;0
18.238;-67.748;83.873;-0.54139;0
39.382;0.9291;0.78543;0.6767;0
22.517;-51.422;42.916;-12.487;0
5.504;103.671;-4.413;-40.211;0
28.521;9.171;-36.461;-12.047;0
11.676;91.566;-20.867;-0.80647;0
26.104;80.081;-0.23592;-17.608;0
0.32444;10.067;-11.982;-41.284;0
38.962;-47.904;33.954;-0.53751;0
21.752;-0.8091;51.022;-0.67975;0
11.588;89.331;-20.807;-11.272;0
47.072;82.957;-25.605;-14.905;0
-19.667;118.052;-0.40472;-78.719;0
40.552;0.40143;14.563;0.65343;0
23.678;-6.839;84.207;-0.44829;0
0.33565;68.369;0.69718;-0.55691;0
43.398;-53.036;38.803;-0.70432;0
15.456;85.482;0.4187;-21.784;0
14.276;83.847;-20.995;-19.677;0
-0.27802;81.881;-31.338;-25.276;0
0.93611;86.413;-16.351;-13.043;0
46.352;-30.087;26.773;1.212;0
15.268;-55.871;86.564;-1.722;0
0.95626;24.728;44.578;0.21636;0
-27.914;17.734;67.756;-0.39915;0
52.032;35.116;-12.538;10.129;0
31.836;72.321;-10.713;-25.909;0
0.65497;51.815;10.673;-0.42113;0
56.084;103.009;-48.003;-43.534;0
1.105;74.432;0.41099;-30.332;0
39.292;-29.156;22.129;0.30817;0
11.558;64.003;15.506;0.6961;0
25.581;26.218;18.513;0.40257;0
27.831;109.796;-3.557;-44.039;0
37.635;27.811;0.66119;0.34179;0
-26.479;101.374;-1.331;-54.707;0
10.652;83.682;-14.004;-16.509;0
-14.275;118.797;0.41613;-69.978;0
57.456;101.808;-47.857;-43.366;0
5.086;32.798;-12.701;11.189;0
34.092;54.049;-25.228;-0.89958;0
-0.2361;93.221;21.307;-43.793;0
38.197;89.951;-4.383;-40.327;0
-11.391;18.127;69.144;0.70127;0
49.249;0.68906;0.77344;12.095;0
25.089;6.841;-0.029423;0.44912;0
-0.2062;92.207;-37.044;-68.103;0
3.946;68.514;-15.443;-0.5582;0
-0.278;81.881;-31.338;-25.276;0
18.592;32.074;-0.15966;-0.26208;0
0.56953;76.294;15.754;-32.233;0
34.626;-4.449;35.427;0.15429;0
33.951;11.484;21.401;20.862;0
50.429;-0.52974;0.50439;1.106;0
37.758;71.783;-15.195;0.40128;0
46.562;76.398;-24.243;-12.384;0
40.948;-29.674;23.689;0.75429;0
18.384;6.063;0.54723;0.51248;0
20.153;0.43661;45.864;-0.3151;0
35.251;0.7201;16.928;0.64438;0
3.757;-54.236;38.255;-12.526;0
25.989;35.178;0.7623;0.81119;0
18.994;0.97462;42.265;0.81377;0
36.941;-39.482;42.625;11.577;0
44.295;-23.507;17.048;0.90946;0
68.248;52.187;-25.425;0.5461;0
18.967;-25.163;28.093;-0.79742;0
21.526;-61.665;80.831;-0.34355;0
33.004;70.811;-13.258;0.22283;0
27.213;7.May;-0.58808;0.41809;0
38.846;-30.336;25.334;0.20214;0
41.665;-0.4449;0.23448;0.27843;0
0.94225;58.561;18.762;-0.32544;0
51.321;-0.031048;0.32616;11.151;0
0.38251;68.121;18.128;-0.61251;0
30.333;-25.928;23.183;0.303;0
29.233;60.464;-0.11168;-0.58665;0
1.162;102.926;-12.821;-40.392;0
37.791;25.762;13.098;0.5655;0
0.77765;59.781;11.941;-0.3526;0
-0.38388;-10.471;80.514;0.49567;0
0.21084;94.359;-0.094543;-1.859;0
29.571;-45.938;59.068;0.57196;0
46.439;-33.729;25.976;0.55257;0
33.577;-43.062;60.241;0.18274;0
35.127;29.073;10.579;0.40774;0
26.562;107.044;-33.085;-40.767;0
-13.612;10.694;17.022;-29.026;0
-0.278;81.881;-31.338;-25.276;0
1.Nis;-69.321;82.888;-12.991;0
21.881;27.356;13.278;-0.1832;0
42.756;-26.528;21.375;0.94437;0
-0.11996;68.741;0.91995;-0.6694;0
29.736;87.944;-36.359;-13.754;0
37.798;-33.109;26.491;0.066365;0
53.586;37.557;-17.345;10.789;0
18.373;61.292;0.84027;0.55257;0
12.262;0.89599;57.568;-0.11596;0
-0.048008;-0.56078;77.215;0.453;0
0.5706;-0.024841;12.421;-0.56208;0
43.634;0.46351;14.281;20.202;0
3.482;-41.634;35.008;-0.078462;0
0.51947;-32.633;30.895;-0.98492;0
23.164;-2.628;31.529;-0.08622;0
-18.348;110.334;31.863;-48.888;0
13.754;88.793;-19.136;-0.53751;0
-0.16682;58.974;0.49839;-0.70044;0
0.29961;71.328;-0.31475;-11.828;0
0.25035;93.262;-36.873;-62.543;0
24.673;13.926;17.125;0.41421;0
0.77805;66.424;-11.425;-10.573;0
34.465;29.508;10.271;0.5461;0
22.429;-41.427;52.333;-0.40173;0
37.321;-3.884;33.577;-0.0060486;0
43.365;-3.584;36.884;0.74912;0
-20.759;108.223;26.439;-4.837;0
40.715;76.398;-20.824;-11.698;0
0.76163;58.209;11.959;-0.64613;0
-0.53966;73.273;0.46583;-14.543;0
26.213;57.919;0.065686;-15.759;0
30.242;-33.378;25.865;-0.54785;0
58.519;53.905;-24.037;-0.061652;0
0.5706;-0.0248;12.421;-0.5621;0
39.771;111.513;-39.272;-43.444;0
15.478;91.814;-16.326;-17.375;0
0.74054;0.36625;21.992;0.48403;0
0.49571;102.243;-1.097;-40.159;0
1.645;78.612;-0.87598;-35.569;0
36.077;68.576;-11.622;0.28231;0
32.403;-37.082;52.804;0.41291;0
39.166;102.491;-40.926;-44.659;0
39.262;60.299;-20.156;-0.065531;0
5.591;104.643;-43.839;-43.379;0
37.522;-36.978;39.943;13.051;0
13.114;45.462;22.935;0.22541;0
37.022;69.942;-18.511;-0.12889;0
4.364;-31.039;23.757;0.78532;0
35.829;14.423;10.219;14.008;0
Nis.65;-48.297;34.553;-0.25174;0
51.731;39.606;-1.983;0.40774;0
32.692;34.184;0.20706;-0.066824;0
24.012;16.223;30.312;0.71679;0
17.257;-44.697;82.219;-18.073;0
47.965;69.859;-19.967;-0.35001;0
40.962;101.891;-39.323;-41.827;0
25.559;33.605;20.321;0.26809;0
34.916;85.709;-30.326;-0.59182;0
0.5195;-32.633;30.895;-0.9849;0
29.856;72.673;-0.409;-22.431;0
40.932;54.132;-18.219;0.23576;0
17.748;-0.76978;55.854;13.039;0
52.012;0.32694;0.17965;11.797;0
-0.45062;-13.678;70.858;-0.40303;0
48.451;81.116;-29.512;-14.724;0
0.74841;72.756;11.504;-0.5388;0
51.213;85.565;-33.917;-15.474;0
36.181;-37.454;28.273;-0.71208;0
0.040498;85.234;14.461;-39.306;0
-26.479;101.374;-1.331;-54.707;0
0.37984;0.70975;0.75716;-0.44441;0
-0.95923;0.091039;62.204;-14.828;0
28.672;100.008;-32.049;-31.095;0
10.182;9.109;-0.62064;-17.129;0
-27.143;114.535;21.092;-39.629;0
38.244;-31.081;24.537;0.52024;0
27.961;2.121;18.385;0.38317;0
35.358;67.086;-0.81857;0.47886;0
-0.7056;87.241;22.215;-45.965;0
41.542;72.756;-24.766;-12.099;0
0.92703;94.318;-0.66263;-16.728;0
18.216;-64.748;80.514;-0.41855;0
-24.473;126.247;0.73573;-76.612;0
35.862;-30.957;28.093;0.24481;0
0.66191;96.594;-0.28819;-16.638;0
47.926;17.071;-0.051701;14.926;0
49.852;83.516;-25.425;-12.823;0
0.75736;30.294;29.164;-0.068117;0
46.499;76.336;-19.427;-0.37458;0
-0.023579;71.742;0.78457;-0.75734;0
0.85574;0.0082678;66.042;-0.53104;0
0.88298;0.66009;60.096;-0.43277;0
40.422;-4.391;47.466;1.137;0
22.546;80.992;-0.24877;-32.698;0
0.38478;65.989;-0.3336;-0.56466;0
31.541;-51.711;65.991;0.57455;0
23.969;0.23589;48.477;1.437;0
47.114;20.755;-0.2702;12.379;0
40.127;101.477;-39.366;-40.728;0
26.606;31.681;19.619;0.18662;0
3.931;18.541;-0.023425;12.314;0
0.01727;8.693;13.989;-39.668;0
32.414;0.40971;14.015;11.952;0
22.504;35.757;0.35273;0.2836;0
-13.971;33.191;-13.927;-19.948;1
0.39012;-0.14279;-0.031994;0.35084;1
-16.677;-71.535;78.929;0.96765;1
-38.483;-128.047;156.824;-1.281;1
-35.681;-8.213;10.083;0.96765;1
-22.804;-0.30626;13.347;13.763;1
-17.582;27.397;-25.323;-2.234;1
-0.89409;31.991;-18.219;-29.452;1
0.3434;0.12415;-0.28733;0.14654;1
-0.9854;-6.661;58.245;0.5461;1
-24.115;-91.359;93.444;-0.65259;1
-15.252;-62.534;53.524;0.59912;1
-0.61442;-0.091058;-0.31818;0.50214;1
-0.36506;28.928;-36.461;-30.603;1
-59.034;65.679;0.67661;-66.797;1
-18.215;27.521;-0.72261;-2.353;1
-0.77461;-18.768;24.023;11.319;1
-18.187;-90.366;90.162;-0.12243;1
-35.801;-129.309;131.779;-25.677;1
-18.219;-68.824;54.681;0.057313;1
-0.3481;-0.38696;-0.47841;0.62627;1
0.47368;33.605;-45.064;-40.431;1
-34.083;48.587;-0.76888;-48.668;1
-16.662;-0.30005;14.238;0.024986;1
-20.962;-71.059;66.188;-0.33708;1
-26.685;-104.519;91.139;-17.323;1
-0.47465;-43.496;19.901;0.7517;1
10.552;11.857;-26.411;0.11033;1
11.644;38.095;-49.408;-40.909;1
-44.779;73.708;-0.31218;-67.754;1
-27.338;0.45523;24.391;0.21766;1
-2.286;-54.484;58.039;0.88231;1
-16.244;-63.444;46.575;0.16981;1
0.50813;0.47799;-19.804;0.57714;1
16.408;42.503;-49.023;-26.621;1
0.81583;Nis.84;-52.613;-60.823;1
-54.901;91.048;-0.38758;-59.763;1
-32.238;27.935;0.32274;-0.86078;1
-20.631;-15.147;1.219;0.44524;1
-0.91318;-20.113;-0.19565;0.066365;1
0.6005;19.327;-32.888;-0.32415;1
0.91315;33.377;-40.557;-16.741;1
-0.28015;30.729;-33.857;-29.155;1
-36.085;33.253;-0.51954;-35.737;1
-62.003;86.806;0.0091344;-3.703;1
-42.932;33.419;0.77258;-0.99785;1
-30.265;-0.062088;0.68604;-0.055186;1
-17.015;-0.010356;-0.99337;-0.53104;1
-0.64326;24.748;-29.452;-10.276;1
-0.86339;19.348;-23.729;-10.897;1
-20.659;10.512;-0.46298;-10.974;1
-21.333;15.685;-0.084261;-17.453;1
-12.568;-14.733;28.718;0.44653;1
-31.128;-6.841;107.402;-10.172;1
-48.554;-59.037;109.818;-0.82199;1
-2.588;38.654;-0.3336;-12.797;1
0.24394;14.733;-14.192;-0.58535;1
-15.322;-50.966;66.779;0.17498;1
-40.025;-134.979;176.772;-33.202;1
-40.173;-83.123;124.547;-14.375;1
-30.731;-0.53181;23.877;0.77627;1
-1.979;32.301;-13.575;-25.819;1
-0.4294;-0.14693;0.044265;-0.15605;1
-2.234;-70.314;74.936;0.61334;1
-4.211;-124.736;149.704;-13.884;1
-38.073;-80.971;101.772;0.65084;1
-25.912;-0.10554;12.798;10.414;1
-22.482;30.915;-23.969;-26.711;1
-14.427;32.922;-19.702;-34.392;1
-0.39416;-0.020702;-0.066267;-0.44699;1
-1.522;-66.383;57.491;-0.10691;1
-28.267;-90.407;90.694;-0.98233;1
-17.263;-60.237;52.419;0.29524;1
-0.94255;0.039307;-0.24192;0.31593;1
-0.89569;30.025;-36.067;-34.457;1
-62.815;66.651;0.52581;-70.107;1
-23.211;3.166;-10.002;-27.151;1
-13.414;-20.776;28.093;0.60688;1
-2.258;-93.263;93.727;-0.85949;1
-38.858;-128.461;127.957;-31.353;1
-18.969;-67.893;52.761;-0.32544;1
-0.52645;-0.24832;-0.45613;0.41938;1
0.0096613;35.612;-4.407;-44.103;1
-38.826;4.898;-0.92311;-50.801;1
-21.405;-0.16762;1.321;-0.20906;1
-24.824;-73.046;6.839;-0.59053;1
-29.098;-100.712;84.156;-19.948;1
-0.60975;-4.002;18.471;0.6017;1
0.83625;11.071;-24.706;-0.062945;1
0.60731;39.544;-4.772;-44.853;1
-48.861;70.542;-0.17252;-6.959;1
-31.366;0.42212;26.225;-0.064238;1
-25.754;-56.574;6.103;0.65214;1
-18.782;-65.865;48.486;-0.021566;1
0.24261;0.57318;-19.402;0.44007;1
1.296;42.855;-48.457;-29.013;1
0.25943;50.097;-50.394;-63.862;1
-5.873;91.752;-0.27448;-60.422;1
-34.605;26.901;0.16165;-10.224;1
-23.797;-14.402;11.273;0.16076;1
-12.424;-17.175;-0.52553;-0.21036;1
0.20216;19.182;-32.828;-0.61768;1
0.59823;35.012;-39.795;-17.841;1
-0.77995;32.322;-3.282;-31.004;1
-41.409;34.619;-0.47841;-38.879;1
-65.084;87.696;0.23191;-3.937;1
-44.996;34.288;0.56265;-11.672;1
-33.125;0.10139;0.55323;-0.2957;1
-19.423;0.3766;-12.898;-0.82458;1
-0.75793;25.349;-30.464;-12.629;1
-0.95403;19.824;-23.163;-11.957;1
-22.173;14.671;-0.72689;-11.724;1
-2.799;19.679;-0.42357;-21.125;1
-18.629;-0.84841;25.377;0.097399;1
-35.916;-62.285;102.389;-11.543;1
-51.216;-53.118;103.846;-10.612;1
-32.854;40.372;-0.45356;-18.228;1
-0.56877;14.174;-14.252;-11.246;1
-23.518;-48.359;66.479;-0.060358;1
-44.861;-132.889;173.087;-32.194;1
-43.876;-77.267;119.655;-14.543;1
-33.604;-0.32696;21.324;0.6017;1
-10.112;29.984;-11.664;-16.185;1
0.030219;-10.512;14.024;0.77369;1
-16.514;-84.985;91.122;12.379;1
-32.692;-127.406;155.573;-0.14182;1
-25.701;-68.452;89.999;21.353;1
-13.066;0.25244;0.7623;17.758;1
-16.637;32.881;-22.701;-22.224;1
-0.55008;28.659;-16.488;-24.319;1
0.21431;-0.69529;0.87711;0.29653;1
-0.77288;-74.473;6.492;0.36119;1
-18.391;-90.883;92.416;-0.10432;1
-0.63298;-51.277;45.624;14.797;1
0.0040545;0.62905;-0.64121;0.75817;1
-0.28696;31.784;-35.767;-31.896;1
-52.406;66.258;-0.19908;-68.607;1
-14.446;21.438;-0.47241;-16.677;1
-0.65767;-28.018;37.115;0.99739;1
-15.449;-101.498;96.152;-12.332;1
-28.957;-120.205;119.149;-27.552;1
-0.81479;-57.381;43.919;0.3211;1
0.50225;0.65388;-11.793;0.39998;1
0.74521;36.357;-44.044;-41.414;1
-29.146;40.537;-0.45699;-40.327;1
-13.907;-13.781;23.055;-0.021566;1
-1.786;-81.157;70.858;-12.112;1
-17.322;-92.828;7.719;-17.168;1
0.55298;-34.619;17.048;11.008;1
2.031;1.852;-30.121;0.003003;1
12.279;40.309;-46.435;-39.125;1
-42.249;62.699;0.15822;-55.457;1
-25.346;-0.77392;33.602;0.00171;1
-1.749;-6.332;60.987;0.14266;1
-0.539;-5.167;34.399;0.052141;1
15.631;0.89599;-19.702;0.65472;1
23.917;45.565;-49.888;-28.987;1
0.89512;47.738;-48.431;-55.909;1
-54.808;81.819;0.27818;-50.323;1
-28.833;17.713;0.68946;-0.4638;1
-14.174;-22.535;1.518;0.61981;1
0.4283;-0.94981;-10.731;0.3211;1
15.904;22.121;-31.183;-0.11725;1
17.425;36.833;-40.129;-17.207;1
-0.23356;32.405;-30.669;-27.784;1
-36.227;39.958;-0.35845;-39.047;1
-61.536;79.295;0.61663;-32.646;1
-39.172;26.652;0.78886;-0.7819;1
-22.214;-0.23798;0.56008;0.05602;1
-0.49241;0.89392;-16.283;-0.56854;1
0.26517;24.066;-28.416;-0.59958;1
-0.10234;18.189;-22.169;-0.56725;1
-16.176;10.926;-0.35502;-0.59958;1
-18.448;1.254;0.27218;-10.728;1
-12.786;-24.087;45.735;0.47627;1
-2.902;-76.563;118.318;-0.84268;1
-43.773;-55.167;10.939;-0.4082;1
-20.529;38.385;-0.79544;-12.138;1
0.18868;0.70148;-0.51182;0.0055892;1
-17.279;-6.841;89.494;0.68058;1
-33.793;-137.731;179.274;-20.323;1
-31.273;-71.121;113.897;-0.083634;1
-2.121;-0.05588;1.949;1.353;1
-17.697;34.329;-12.144;-23.789;1
-0.0012852;0.13863;-0.19651;0.0081754;1
-1.682;-68.121;71.398;13.323;1
-34.917;-121.736;143.689;-0.61639;1
-31.158;-86.289;104.403;0.97153;1
-20.891;-0.48422;1.704;17.435;1
-16.936;27.852;-21.835;-19.276;1
-12.846;32.715;-17.671;-32.608;1
-0.092194;0.39315;-0.32846;-0.13794;1
-10.292;-63.879;55.255;0.79955;1
-22.083;-91.069;89.991;-0.28406;1
-10.744;-63.113;5.355;0.80472;1
-0.51003;-0.23591;0.020273;0.76334;1
-0.36372;30.439;-34.816;-27.836;1
-63.979;64.479;10.836;-66.176;1
-22.501;33.129;-0.88369;-28.974;1
-11.859;-12.519;22.635;0.77239;1
-18.076;-88.131;87.086;-0.21682;1
-33.863;-129.889;130.545;-27.202;1
-14.106;-7.108;56.454;0.31335;1
-0.21394;-0.68287;0.096532;11.965;1
0.48797;35.674;-43.882;-38.116;1
-38.167;51.401;-0.65063;-54.306;1
-19.555;0.20692;12.473;-0.3707;1
-21.786;-64.479;60.344;-0.20777;1
-23.299;-99.532;84.756;-18.733;1
0.0031201;-40.061;17.956;0.91722;1
13.518;10.595;-23.437;0.39998;1
12.309;38.923;-48.277;-40.069;1
-50.301;75.032;-0.13396;-75.034;1
-30.799;0.60836;27.039;-0.23751;1
-22.987;-5.227;May.63;0.91722;1
-1.239;-6.541;48.151;-0.033204;1
0.75896;0.29176;-16.506;0.83834;1
16.799;42.068;-45.398;-23.931;1
0.63655;52.022;-52.159;-61.211;1
-60.598;92.952;-0.43642;-63.694;1
-3.518;28.763;0.1548;-12.086;1
-20.336;-14.092;11.582;0.36507;1
-0.69745;-17.672;-0.34474;-0.12372;1
0.75108;19.161;-31.098;-0.20518;1
0.84546;34.826;-36.307;-13.961;1
-0.55648;32.136;-33.085;-27.965;1
-36.817;32.239;-0.69347;-34.004;1
-67.526;88.172;-0.061983;-3.725;1
-4.577;34.515;0.66719;-0.94742;1
-29.883;0.31245;0.45041;0.068951;1
-14.781;0.14277;-11.622;-0.48579;1
-0.46651;23.383;-29.812;-10.431;1
-0.8734;16.533;-21.964;-0.78061;1
-21.234;11.815;-0.55552;-0.81165;1
-23.142;20.838;-0.46813;-16.767;1
-14.233;-0.98912;23.586;0.39481;1
-30.866;-66.362;105.405;-0.89182;1
-47.331;-61.789;11.388;-10.741;1
-28.829;38.964;-0.1888;-11.672;1
-0.036127;1.525;-14.089;-0.76121;1
-17.104;-4.778;62.109;0.3974;1
-38.203;-130.551;169.583;-23.052;1
-37.181;-85.089;12.363;-0.95518;1
-2.899;-0.60424;26.045;13.776;1
-0.98193;27.956;-12.341;-15.668;1
-0.17296;-11.816;13.818;0.7336;1
-19.409;-86.848;9.155;0.94049;1
-35.713;-124.922;148.881;-0.47027;1
-29.915;-66.258;86.521;18.198;1
-18.483;0.31038;0.77344;14.189;1
-22.677;32.964;-22.563;-24.642;1
-0.50816;2.868;-18.108;-22.612;1
0.14329;-10.885;10.039;0.48791;1
-0.90784;-79.026;67.807;0.34179;1
-20.042;-93.676;93.333;-0.10303;1
-0.93587;-51.008;45.367;13.866;1
-0.40804;0.54214;-0.52725;0.6586;1
-0.8172;33.812;-36.684;-3.456;1
-48.392;66.755;-0.24278;-65.775;1
-12.792;21.376;-0.47584;-13.974;1
-0.66008;-3.226;38.058;11.836;1
-17.713;-107.665;102.184;-10.043;1
-30.061;-122.377;119.552;-21.603;1
-11.022;-58.395;45.641;0.68705;1
0.11806;0.39108;-0.98223;0.42843;1
0.11686;3.735;-44.379;-43.741;1
-27.264;39.213;-0.49212;-36.371;1
-12.369;-16.906;2.518;0.51636;1
-18.439;-86.475;76.796;-0.66682;1
-18.554;-96.035;77.764;-0.97716;1
0.16358;-33.584;13.749;13.569;1
15.077;19.596;-30.584;-0.12243;1
0.67886;41.199;-4.569;-41.414;1
-39.934;58.333;0.54723;-49.379;1
-23.898;-0.78427;30.141;0.76205;1
-17.976;-67.686;66.753;0.89912;1
-0.70867;-55.602;40.483;0.903;1
10.194;11.029;-2.3;0.59395;1
17.875;Nis.78;-51.362;-32.362;1
0.27331;48.773;-49.194;-58.198;1
-51.661;80.433;0.044265;-44.983;1
-27.028;16.327;0.83598;-0.091393;1
-14.904;-22.183;16.054;0.89394;1
-0.014902;-10.243;-0.94024;0.64955;1
0.88992;22.638;-31.046;-0.11855;1
10.637;36.957;-41.594;-19.379;1
-0.8471;31.329;-30.112;-29.388;1
-39.594;40.289;-0.35845;-38.957;1
-58.818;76.584;0.5558;-29.155;1
-37.747;25.162;0.83341;-0.30993;1
-24.198;-0.24418;0.70146;0.41809;1
-0.83535;0.80494;-16.411;-0.19225;1
-0.30432;26.528;-27.756;-0.65647;1
-0.60254;17.237;-21.501;-0.77027;1
-21.059;11.815;-0.53324;-0.82716;1
-20.441;12.271;0.18564;-1.091;1
-15.621;-22.121;42.591;0.27972;1
-32.305;-72.135;116.433;-0.94613;1
-48.426;-49.932;104.052;-0.53104;1
-23.147;36.668;-0.6969;-12.474;1
-0.11716;0.60422;-0.38587;-0.059065;1
-20.066;-6.719;90.162;0.099985;1
-36.961;-136.779;175.795;-26.181;1
-36.012;-65.389;105.234;-0.48967;1
-26.286;0.18002;17.956;0.97282;1
-0.82601;29.611;-12.864;-14.647;1
0.31803;-0.99326;10.947;0.88619;1
-14.454;-84.385;88.483;0.96894;1
-31.423;-130.365;156.773;-0.66165;1
-25.373;-6.959;88.054;15.289;1
-1.366;0.18416;0.90539;15.806;1
-17.064;33.088;-22.829;-21.978;1
-0.41965;29.094;-17.859;-22.069;1
0.37637;-0.82358;0.78543;0.74524;1
-0.55355;-79.233;67.156;0.74394;1
-16.001;-95.828;94.044;0.081882;1
-0.37013;-5.554;47.749;1.547;1
0.12126;0.22347;-0.47327;0.97024;1
-0.27068;32.674;-35.562;-30.888;1
-5.119;66.486;-0.049987;-65.206;1
-13.946;23.134;-0.44499;-14.905;1
-0.69879;-33.771;41.211;15.043;1
-1.48;-105.244;99.176;-0.5026;1
-26.649;-12.813;126.689;-19.082;1
-0.62684;-6.301;47.843;1.106;1
0.518;0.25865;-0.84085;0.96118;1
0.64376;3.764;-44.738;-40.483;1
-29.821;41.986;-0.5898;-39.642;1
-14.628;-15.706;24.357;0.49826;1
-17.101;-87.903;79.735;-0.45475;1
-15.572;-98.808;81.088;-10.806;1
0.74428;-37.723;16.131;15.754;1
20.177;17.982;-29.581;0.2099;1
1.164;3.913;-45.544;-38.672;1
-43.667;60.692;0.57208;-54.668;1
-25.919;-10.553;38.949;0.77757;1
-18.046;-68.141;67.019;11.681;1
-0.71868;-57.154;38.298;10.233;1
14.378;0.66837;-20.267;10.271;1
21.943;45.503;-4.976;-27.254;1
0.7376;48.525;-47.986;-56.659;1
-5.637;81.261;0.13081;-50.142;1
-30.193;17.775;0.73745;-0.45346;1
-16.706;-2.09;1.584;0.71162;1
-0.1269;-11.505;-0.95138;0.57843;1
12.198;20.982;-31.954;0.12843;1
14.501;36.067;-40.557;-15.966;1
-0.40857;30.977;-29.607;-26.892;1
-38.952;38.157;-0.31304;-38.194;1
-63.679;80.102;0.4247;-32.207;1
-41.429;27.749;0.68261;-0.71984;1
-26.864;-0.097265;0.61663;0.061192;1
-10.555;0.79459;-16.968;-0.46768;1
-0.29858;24.769;-29.512;-0.66165;1
-0.49948;17.734;-22.469;-0.68104;1
-19.881;0.99945;-0.28562;-0.70044;1
-19.389;15.706;0.045979;-1.122;1
-14.375;-18.624;4.026;0.55127;1
-31.875;-75.756;118.678;-0.57889;1
-46.765;-56.636;10.969;-0.33449;1
-20.285;38.468;-0.63435;-1.175;1
0.26637;0.73252;-0.67891;0.03533;1
-17.589;-64.624;84.773;0.31981;1
-35.985;-136.593;176.052;-24.927;1
-33.582;-72.404;114.419;-0.57113;1
-23.629;-0.10554;19.336;11.358;1
-21.802;33.791;-12.256;-26.621;1
-0.40951;-0.15521;0.060545;-0.088807;1
-22.918;-7.257;79.597;0.9211;1
-40.214;-128.006;156.199;-0.95647;1
-33.884;-8.215;103.315;0.98187;1
-20.046;-0.49457;1.333;16.543;1
-17.063;27.956;-2.378;-23.491;1
-16.386;33.584;-17.302;-35.646;1
-0.41645;0.32487;-0.33617;-0.36036;1
-15.877;-66.072;58.022;0.31593;1
-25.961;-9.349;97.942;-0.28018;1
-15.228;-64.789;57.568;0.87325;1
-0.53072;-0.097265;-0.21793;10.426;1
-0.49081;28.452;-36.436;-31.004;1
-65.773;68.017;0.85483;-75.344;1
-24.621;27.645;-0.62578;-28.573;1
-13.995;-19.162;25.154;0.59912;1
-23.221;-93.304;9.233;-0.79871;1
-3.73;-129.723;129.817;-2.684;1
-16.988;-71.163;57.902;0.16723;1
-0.26654;-0.64562;-0.42014;0.89136;1
0.33325;33.108;-45.081;-4.012;1
-42.091;47.283;-0.49126;-52.159;1
-23.142;-0.68494;19.833;-0.44829;1
-24.835;-74.494;68.964;-0.64484;1
-27.611;-105.099;90.239;-19.547;1
-0.36025;-4.449;21.067;0.94308;1
10.117;0.9022;-23.506;0.42714;1
0.96708;38.426;-49.314;-41.323;1
-52.049;7.259;0.070827;-73.004;1
-33.203;-0.02691;29.618;-0.44958;1
-2.565;-57.899;60.122;0.046968;1
-15.951;-6.572;47.689;-0.94354;1
0.7049;0.17174;-17.859;0.36119;1
17.331;39.544;-47.412;-25.017;1
0.6818;48.504;-52.133;-61.043;1
-63.364;92.848;0.014275;-67.844;1
-38.053;24.273;0.6809;-10.871;1
-21.979;-21.252;17.151;0.45171;1
-0.87874;-22.121;-0.051701;0.099985;1
0.74067;17.299;-31.963;-0.1457;1
0.98296;34.226;-39.692;-17.116;1
-0.3489;31.929;-34.054;-31.832;1
-38.552;35.219;-0.38415;-38.608;1
-69.599;89.931;0.2182;-4.572;1
-47.462;31.205;1.075;-12.966;1
-32.051;-0.14279;0.97565;0.045675;1
-17.549;-0.080711;-0.75774;-0.3707;1
-0.59587;24.811;-28.673;-0.89828;1
-0.89542;20.279;-23.652;-12.746;1
-20.754;12.767;-0.64206;-12.642;1
-32.778;18.023;0.1805;-23.931;1
-22.183;-1.254;29.986;0.36378;1
-35.895;-6.572;105.251;-0.16381;1
-50.477;-58.023;11.244;-0.3901;1
-35.741;3.944;-0.07912;-21.203;1
-0.7351;17.361;-14.938;-11.582;1
-22.617;-47.428;63.489;0.11162;1
-4.244;-130.634;171.116;-28.017;1
-40.218;-8.304;12.555;-15.099;1
-30.201;-0.67253;27.056;0.85774;1
-24.941;35.447;-13.721;-28.483;1
-0.83121;0.039307;0.05369;-0.23105;1
-25.665;-68.824;75.416;0.70774;1
-44.018;-129.371;156.559;-16.806;1
-37.573;-82.916;103.032;0.38059;1
-24.725;-0.40145;14.855;11.189;1
-19.725;28.825;-23.086;-23.724;1
-20.149;36.874;-19.385;-38.918;1
-0.82053;0.65181;-0.48869;-0.52716;1
-17.886;-63.486;56.154;0.42584;1
-29.138;-94.711;97.668;-0.60216;1
-18.343;-65.907;56.429;0.54998;1
-0.8734;-0.033118;-0.20165;0.55774;1
-0.70346;2.957;-35.947;-31.457;1
-67.387;69.879;0.67833;-75.887;1
-27.723;32.777;-0.9351;-31.457;1
-16.641;-13.678;1.997;0.52283;1
-24.349;-92.497;89.922;-0.50001;1
-3.793;-127.095;127.957;-2.825;1
-19.551;-69.756;55.383;-0.12889;1
-0.69078;-0.50077;-0.35417;0.47498;1
0.025013;33.998;-44.327;-42.655;1
-43.967;49.601;-0.64892;-54.719;1
-2.456;-0.24418;14.041;-0.45863;1
-2.62;-68.555;62.169;-0.62285;1
-29.662;-103.257;8.784;-21.138;1
-0.71494;-44.448;22.241;0.49826;1
0.6005;0.99945;-22.126;0.097399;1
0.61652;38.944;-47.275;-43.948;1
-54.414;72.363;0.10938;-75.642;1
-35.798;0.45937;23.457;-0.45734;1
-27.769;-56.967;59.179;0.37671;1
-18.356;-67.562;50.585;-0.55044;1
0.30081;0.17381;-17.542;0.48921;1
13.403;41.323;-47.018;-25.987;1
0.26877;4.987;-51.508;-63.913;1
-65.235;96.014;-0.25392;-69.642;1
-40.679;24.955;0.79571;-11.039;1
-2.564;-17.051;15.026;0.32757;1
-13.414;-19.162;-0.15538;-0.11984;1
0.23874;20.879;-33.522;-0.66553;1
0.6212;36.771;-40.771;-20.711;1
-0.77848;34.019;-34.859;-35.569;1
-41.244;37.909;-0.6532;-41.802;1
-70.421;9.�ub;0.25933;-46.832;1
-49.462;35.716;0.82742;-14.957;1
-35.359;0.30417;0.6569;-0.2957;1
-20.662;0.16967;-10.054;-0.82975;1
-0.88728;2.808;-31.432;-12.035;1
-10.941;23.072;-25.237;-14.453;1
-24.458;16.285;-0.88541;-14.802;1
-3.551;18.955;0.1865;-24.409;1
-22.811;-0.85669;27.185;0.044382;1
-36.053;-5.974;100.916;-0.82846;1
-50.676;-51.877;104.266;-0.86725;1
-39.204;40.723;-0.23678;-21.151;1
-11.306;18.458;-13.575;-13.806;1
-24.561;-45.566;64.534;-0.056479;1
-44.775;-130.303;170.834;-30.345;1
-41.958;-81.819;121.291;-16.017;1
-3.38;-0.7077;25.325;0.71808;1
-24.365;36.026;-14.166;-28.948;1
-0.77688;0.13036;-0.031137;-0.35389;1
-27.083;-68.266;75.339;0.59007;1
-45.531;-125.854;154.417;-14.983;1
-38.894;-78.322;98.208;0.47498;1
-25.084;-0.22763;1.488;12.069;1
-21.652;30.211;-24.132;-24.241;1
-18.974;35.074;-17.842;-38.491;1
-0.62043;0.5587;-0.38587;-0.66423;1
-18.387;-6.301;56.506;0.19567;1
-3;-91.566;95.766;-0.73018;1
-19.116;-61.603;5.606;0.48533;1
-1.005;0.084831;-0.2462;0.45688;1
-0.87834;3.257;-36.778;-32.944;1
-6.651;67.934;0.68604;-75.887;1
-25.463;31.101;-0.83228;-30.358;1
-14.377;-1.432;21.144;0.42067;1
-24.554;-90.407;8.862;-0.86983;1
-39.411;-128.792;130.597;-33.125;1
-21.241;-68.969;55.992;-0.47156;1
-0.74324;-0.32902;-0.42785;0.23317;1
-0.071503;37.412;-45.415;-42.526;1
-42.333;49.166;-0.49212;-53.207;1
-23.675;-0.43663;1.692;-0.43018;1
-25.526;-73.625;69.255;-0.66811;1
-30.986;-104.602;89.717;-23.427;1
-0.89809;-44.862;22.009;0.50731;1
0.56232;10.015;-22.726;-0.0060486;1
0.53936;38.944;-48.166;-43.418;1
-53.012;73.915;0.029699;-73.987;1
-33.553;0.35591;26.473;-0.37846;1
-27.908;-57.133;5.953;0.45946;1
-19.983;-66.072;48.254;-0.41984;1
0.15423;0.11794;-16.823;0.59524;1
1.208;40.744;-47.635;-26.129;1
0.2952;48.856;-5.149;-62.323;1
-64.247;95.311;0.022844;-68.517;1
-39.933;26.218;0.62863;-11.595;1
-2.659;-16.058;13.647;0.16464;1
-14.094;-21.252;-0.10397;-0.19225;1
0.11032;19.741;-33.668;-0.65259;1
0.52374;3.644;-40.746;-19.909;1
-0.76794;34.598;-34.405;-34.276;1
-39.698;36.812;-0.60008;-40.133;1
-70.364;92.931;0.16594;-45.396;1
-49.447;33.005;1.063;-1.444;1
-35.933;0.22968;0.7126;-0.3332;1
-21.674;0.12415;-10.465;-0.86208;1
-0.9607;26.963;-31.226;-13.121;1
-10.802;21.996;-25.862;-12.759;1
-23.277;14.381;-0.82114;-12.862;1
-37.244;19.037;-0.035421;-25.095;1
-25.724;-0.95602;27.073;-0.16639;1
-39.297;-60.816;100.958;-10.147;1
-52.943;-51.463;103.332;-11.181;1
-38.953;40.392;-0.3019;-21.836;1
-12.244;17.485;-14.801;-14.181;1
-26.406;-44.159;5.983;-0.13924;1
-46.338;-127.509;167.166;-32.168;1
-42.887;-78.633;118.387;-18.978;1
-33.458;-0.50491;26.328;0.53705;1
-11.188;33.357;-13.455;-19.573;1
0.55939;-0.3104;0.18307;0.44653;1
-15.078;-73.191;78.981;12.289;1
-3.506;-125.667;151.606;-0.75216;1
-29.498;-8.273;102.646;11.629;1
-16.029;-0.38903;Oca.62;19.103;1
-12.667;28.183;-2.426;-18.862;1
-0.49281;30.605;-18.356;-2.834;1
0.66365;-0.045533;-0.18794;0.23447;1
-0.72068;-67.583;58.408;0.62369;1
-19.966;-95.001;9.682;-0.12889;1
-0.97325;-64.168;56.026;10.323;1
-0.025314;-0.17383;-0.11339;12.198;1
0.062525;29.301;-35.467;-26.737;1
-5.525;63.258;0.89768;-66.241;1
-12.943;26.735;-0.84085;-20.323;1
-0.24037;-17.837;2.135;12.418;1
-13.968;-96.698;94.652;-0.34872;1
-29.672;-132.869;134.727;-26.271;1
-11.005;-72.508;60.139;0.36895;1
0.22432;-0.52147;-0.40386;12.017;1
0.90407;33.708;-44.987;-36.965;1
-28.619;45.193;-0.58123;-42.629;1
-10.833;-0.31247;12.815;0.41291;1
-15.681;-72.446;65.537;-0.1276;1
-20.545;-108.679;94.926;-14.116;1
0.2346;-45.152;21.195;14.448;1
1.581;0.86909;-23.138;0.82412;1
15.514;38.013;-49.143;-37.483;1
-41.479;71.225;-0.083404;-64.172;1
-22.625;-0.099335;28.127;0.48662;1
-17.479;-5.823;58.699;1.212;1
-0.95923;-67.128;49.857;0.32886;1
13.451;0.23589;-18.785;13.258;1
22.279;40.951;-48.037;-21.112;1
12.572;48.731;-52.861;-58.741;1
-53.857;91.214;-0.41929;-59.181;1
-29.786;23.445;0.52667;-0.40173;1
-15.851;-21.562;17.082;0.9017;1
-0.21888;-22.038;-0.0954;0.56421;1
13.183;19.017;-33.111;0.065071;1
14.896;34.288;-40.309;-14.259;1
0.11592;32.219;-34.302;-28.457;1
-33.924;33.564;-0.72004;-35.233;1
-61.632;87.096;-0.21621;-36.345;1
-40.786;29.239;0.87026;-0.65389;1
-25.899;-0.3911;0.93452;0.42972;1
-10.116;-0.19038;-0.90597;0.003003;1
0.066129;24.914;-29.401;-0.62156;1
-0.24745;19.368;-24.697;-0.80518;1
-15.732;10.636;-0.71232;-0.8388;1
-21.668;15.933;0.045122;-1.678;1
-11.667;-14.237;29.241;0.66119;1
-28.391;-6.63;104.849;-0.42113;1
-45.046;-58.126;108.867;-0.52846;1
-2.41;37.433;-0.40215;-12.953;1
0.40614;13.492;-14.501;-0.55949;1
-13.887;-48.773;64.774;0.34179;1
-37.503;-134.586;175.932;-27.771;1
-35.637;-83.827;12.393;-12.823;1
-25.419;-0.65804;26.842;11.952;1
